user_id,ground_truth,prediction,reason
279,1368,"[10, 9, 8, 7, 6, 5]",The user has a consistent morning routine and frequent visits to place 10 on weekends
279,1552,"[6, 5, 4, 3, 2, 1]","The target stay's start time and day of the week are similar to those in the context stays, and the user tends to visit place 6 on Tuesdays."
279,1552,"[3, 1, 6, 5, 0, 7, 4]","Based on the user's activity pattern and recent context, I predicted the top 10 most likely places they might visit next, considering their typical morning routines on Thursdays."
279,1552,"[6, 5, 3, 4, 7, 8, 9, 1, 10, 11]","The user tends to visit similar places during the same time of day and on the same days of the week. The target stay is at the beginning of Monday morning, which matches the recent activity pattern in the context."
279,1552,"[6, 7, 3, 5, 4, 1, 8, 9]",The user has a consistent morning routine of visiting places 1-9 on Tuesdays and Mondays.
279,1552,"[6, 8, 5, 3, 4, 1, 7, 9, 2]","Based on the user's activity pattern and recent context, this prediction is made considering repeated visits to certain places during certain times."
279,1552,"[5, 4, 3, 1, 6, 8, 7]","The target stay is on a Thursday morning, and the user has shown similar activity patterns on this day of the week in their historical stays. The context also indicates recent visits to place IDs 1-4. Since the duration is unknown, we consider all places visited during similar times."
279,1552,"[7, 1, 6, 5, 3, 9, 8, 4]","Based on the user's historical stays and recent context, we predict that they will visit places with similar weekday and time patterns."
279,1552,"[7, 5, 4, 6, 3, 1, 9, 2, 8]","Based on the user's historical stays and recent context, I predict that this user will visit place ID 7 next."
279,1800,"[8, 0, 1, 7, 4, 9, 5, 6, 3]",The predicted places are the most frequent ones in the user's activity pattern during the same day of the week and around the same time as the target stay.
279,1552,"[1, 3, 4, 5, 6, 7, 8, 9, 10, 11]","The target stay's time and day of the week match with most recent activities in context, and the user tends to visit certain places at this time."
279,1552,"[6, 5, 3, 1, 4, 7]","The prediction is based on the recent context and historical patterns of the user. The target stay is in the morning on a Tuesday, which is consistent with the user's typical Monday to Friday routine. The most likely places are the ones the user has visited frequently during this time period."
