card_id,cluster,hit,ground_truth,prediction,history,current_poi,reason
041E9C523F3880,3,False,Museo Lapidario,"['Giardino Botanico', 'Museo Lattes', 'Torre dei Lamberti', 'Basilica di San Fermo Maggiore', 'Porta Borsari']","['Arena', 'Castelvecchio', 'San Zeno']",Casa Giulietta,"verona è una città storica e culturale, quindi si aspetta che l'utente visiti altri luoghi emblematici come giardini, musei, torri e chiese"
0400E4523F3881,6,False,Torre Lamberti,"['Giardino Giusti Lazzi', 'Museo Lattanzio Gambara', 'Torre dei Lamberti', 'Ponte Pietra', ""Ca' da Noal""]","['Arena', 'Castelvecchio', 'Duomo']",Santa Anastasia,"Considerando la posizione attuale dell'utente presso Santa Anastasia, che si trova nel centro storico di Verona, è probabile che visiti altri luoghi storici e monumentali della città."
045C6B8ABF3180,2,False,Museo Storia,"['Giardino Giusti Lazzi', 'Palazzo Barberini', 'Ponte Pietra', 'Vicolo del Palazzon', 'Orto Botanico']","['San Fermo', 'Casa Giulietta', 'Torre Lamberti', 'Centro Fotografia', 'Santa Anastasia', 'Teatro Romano', 'Castelvecchio', 'San Zeno']",Arena,"Verona è nota per i suoi giardini e parchi, quindi è probabile che l'utente visiti il Giardino Giusti Lazzi o l'Orto Botanico. Inoltre, la zona attorno all'Arena è ricca di palazzi e ponti storici, quindi è plausibile che l'utente si dirigga verso il Palazzo Barberini o il Ponte Pietra. Infine, il Vicolo del Palazzon è un luogo caratteristico della città, frequentato dagli appassionati di storia e cultura."
04D31B523F3884,6,False,Duomo,"['San Fermo Maggiore', 'Eremitage', 'Torre dei Lamberti', 'Porta Borsari', 'Giardino Giusti']","['San Zeno', 'Castelvecchio', 'Arena']",Santa Anastasia,"Questi POI sono situati nel centro storico di Verona, ragionevolmente facilmente accessibili dall'area attuale e non presenti nella storia dell'utente."
049926523F3880,0,False,Palazzo della Ragione,"['Ponte Pietra', 'Chiesa di San Fermo Maggiore', 'Giardino Giusti', 'Teatro Filarmonico', 'Museo Lapidario']","['Casa Giulietta', 'Castelvecchio', 'San Zeno', 'Arena']",Torre Lamberti,"Questi luoghi sono caratterizzati da storia e cultura, come Verona, ed offrono una prospettiva unica sulla città"
047B6E4A3F3880,0,True,Castelvecchio,"['Castelvecchio', 'Ponte Pietra', 'Museo Lapidario', 'Chiesa di San Fermo Maggiore', 'Giardino Giusti']","['Arena', 'Casa Giulietta', 'Torre Lamberti']",Palazzo della Ragione,I POI previsti sono stati selezionati in base alla loro posizione nella città di Verona e all'interesse generale per monumenti storici e luoghi naturali.
04DB33523F3880,1,False,San Fermo,"['Giardino Giusti Lazzerini', 'Torre dei Lamberti', 'Santuario della Madonna di Lourdes', 'Parco Signori', 'Museo di Castelvecchio']","['Casa Giulietta', 'Santa Anastasia', 'Duomo', 'Arena', 'Castelvecchio']",San Zeno,"Questi POI sono tutti situati nel centro storico di Verona, facilmente raggiungibili dalla zona attuale e offrono una varietà di interessi culturali, naturalistici e architettonici."
04F8B48ABF3180,1,False,Castelvecchio,"['Castel San Pietro', 'Giardino Giusti', 'Museo Lapidario di Verona', 'Torre dei Lamberti', 'Ponte Pietra']","['Arena', 'San Fermo', 'Casa Giulietta', 'Torre Lamberti', 'Santa Anastasia', 'Duomo']",Teatro Romano,"Queste località sono strategicamente collocate nella città storica di Verona, offrono una bella vista o un interessante panorama e sono facilmente raggiungibili dal Teatro Romano"
042BE44A3F3880,0,True,Castelvecchio,"['Castelvecchio', 'Giardino Giusti Lazzerini', 'Museo di Castel San Pietro', 'Cattedrale di Verona', 'Torre dei Lamberti']","['Arena', 'San Fermo', 'Casa Giulietta', 'Palazzo della Ragione']",Santa Anastasia,"Questi POI sono facilmente raggiungibili dalla zona attuale (Santa Anastasia) e offrono una varietà di attrazioni culturali, storiche e naturali, coerenti con gli interessi generali dell'utente, basati sulla storia precedente delle sue visite"
04E8A18ABF3180,1,False,Casa Giulietta,"['Castel San Pietro', 'Giardino Giusti', 'Museo Lattanzio Gambara', 'Ponte Pietra', 'Villa Malfatti']","['Arena', 'Torre Lamberti', 'Teatro Romano', 'Duomo']",Santa Anastasia,"Considerando la posizione attuale dell'utente presso Santa Anastasia e gli interessi già dimostrati per monumenti storici e luoghi di culto, è probabile che l'utente visiti altri siti storici e culturali presenti a Verona."
